{
  "packagehistory": [
    {
      "version": "20.1.2",
      "timerelease": "2022/04/15",
      "tags": [
        "強化管理辭彙功能",
        "1. 您可自訂欲辨識的中、英文短詞，即時體驗效果！",
        "2. 新增搜尋功能！快速查找新增過的辭彙"]
    },
    {
      "version": "20.1.1",
      "timerelease": "",
      "tags": [
        "大家好，這是華碩醫療語音，我們致力透過語音輸入，幫助醫護人員減少打字紀錄病歷的時間，把時間留給病人。您可使用下列功能：",
        " ",
        "1. 語音轉文字：將醫療相關敘述轉成文字，預設自動帶入標點符號",
        "2. 語音轉病歷：根據各單位指定說法，產生對應病歷",
        "3. 自訂病歷：自訂病歷格式後上傳，立即使用",
        "4. 詞彙管理：新增您想加強辨識的詞彙、立即使用",
        "5. 逐字稿服務：音檔逐字稿辨識、語者分群",
        "6. 字幕鑲嵌：影音檔文字辨識、字幕鑲嵌於影片",
        " ",
        "若有任何問題或建議，歡迎聯繫華碩窗口。"
        ]
    }
  ]
}