{
  "packagehistory": [
    {
      "version": "1.0.1",
      "timerelease": "2022/03/17",
      "tags": [
        "修改連線過久時, 前幾秒的辨識不準確的問題",
        "修認証 API",
        "串接後台為醫療DM",
        "修改私有雲切換頁面及功能",
        "修改文字顯示延遲"
      ]
    },
    {
      "version": "1.0.0",
      "timerelease": "2022/03/16",
      "tags": [
        "修改連線過久時, 前幾秒的辨識不準確的問題 -2 ",
        "修認証 API - 2",
        "串接後台為醫療DM - 2",
        "修改私有雲切換頁面及功能 - 2",
        "修改文字顯示延遲 - 2"
      ]
    }
  ]
}